---
description: データベースに蓄えられた情報を取り出すには、SELECT文を使用します。データ検索はデータベース操作の中で最も頻繁に行われる作業です。
---

# 4. 基本的なデータ検索

### 4.1 SELECT文の基本構文

SELECTの基本的な構文は次のとおりです：

```sql
SELECT カラム1, カラム2, ...
FROM テーブル名
WHERE 条件;
```

* **SELECT**: 取得したいカラム（列）を指定します
* **FROM**: データを取得するテーブルを指定します
* **WHERE**: 特定の条件に一致する行だけを取得します（省略可能）

### 4.2 データの取得

#### 4.2.1 全ての列を取得する

テーブルの全ての列を取得するには、アスタリスク（`*`）を使用します：

```sql
-- カテゴリテーブルからすべての列を取得
SELECT * FROM categories;
```

実行結果:

```
+----+----------+------------------------+
| id | name     | description            |
+----+----------+------------------------+
|  1 | 電子機器 | 電子機器とガジェット  |
|  2 | 家具     | テーブル、椅子など    |
|  3 | 書籍     | 書籍、電子書籍、雑誌  |
+----+----------+------------------------+
3 rows in set (0.00 sec)
```

#### 4.2.2 特定の列を取得する

必要な列のみを選択して取得することもできます：

```sql
-- 商品の名前と価格だけを取得
SELECT name, price FROM products;
```

実行結果:

```
+----------------------+----------+
| name                 | price    |
+----------------------+----------+
| スマートフォン       | 89000.00 |
| ラップトップPC       |120000.00 |
| コーヒーメーカー     | 15000.00 |
+----------------------+----------+
3 rows in set (0.00 sec)
```

> 📝 **ポイント**: 実務では、必要な列だけを選択することでパフォーマンスが向上します。特に大きなテーブルの場合は重要です。

### 4.3 WHERE句による絞り込み

データベースから特定の条件に一致する行だけを取得したい場合、`WHERE`句を使用します。

#### 4.3.1 基本的な比較演算子

WHERE句では以下の比較演算子が使用できます：

| 演算子         | 説明    |
| ----------- | ----- |
| `=`         | 等しい   |
| `<>`または`!=` | 等しくない |
| `<`         | より小さい |
| `<=`        | 以下    |
| `>`         | より大きい |
| `>=`        | 以上    |

例：

```sql
-- 価格が10,000円以上の商品を取得
SELECT name, price
FROM products
WHERE price >= 10000;
```

実行結果:

```
+----------------------+----------+
| name                 | price    |
+----------------------+----------+
| スマートフォン       | 89000.00 |
| ラップトップPC       |120000.00 |
| コーヒーメーカー     | 15000.00 |
+----------------------+----------+
3 rows in set (0.00 sec)
```

```sql
-- カテゴリIDが1の商品
SELECT name, category_id
FROM products
WHERE category_id = 1;
```

実行結果:

```
+--------------------+-------------+
| name               | category_id |
+--------------------+-------------+
| スマートフォン     |           1 |
| ラップトップPC     |           1 |
+--------------------+-------------+
2 rows in set (0.00 sec)
```

#### 4.3.2 論理演算子

複数の条件を組み合わせるために、論理演算子を使用します：

* **AND**: 両方の条件が真の場合に真
* **OR**: 少なくとも1つの条件が真の場合に真
* **NOT**: 条件の真偽を反転

```sql
-- カテゴリIDが1かつ価格が50,000円以上の商品
SELECT name, price, category_id
FROM products
WHERE category_id = 1 AND price >= 50000;
```

実行結果:

```
+--------------------+----------+-------------+
| name               | price    | category_id |
+--------------------+----------+-------------+
| スマートフォン     | 89000.00 |           1 |
| ラップトップPC     |120000.00 |           1 |
+--------------------+----------+-------------+
2 rows in set (0.00 sec)
```

```sql
-- カテゴリIDが1または価格が10,000円未満の商品
SELECT name, price, category_id
FROM products
WHERE category_id = 1 OR price < 10000;
```

実行結果:

```
+--------------------+----------+-------------+
| name               | price    | category_id |
+--------------------+----------+-------------+
| スマートフォン     | 89000.00 |           1 |
| ラップトップPC     |120000.00 |           1 |
| マウス             |  2000.00 |           1 |
| キーボード         |  6000.00 |           1 |
+--------------------+----------+-------------+
4 rows in set (0.00 sec)
```

```sql
-- カテゴリIDが1ではない商品
SELECT name, category_id
FROM products
WHERE NOT category_id = 1;
-- または: WHERE category_id <> 1;
```

実行結果:

```
+----------------------+-------------+
| name                 | category_id |
+----------------------+-------------+
| コーヒーメーカー     |           2 |
| 木製テーブル         |           2 |
+----------------------+-------------+
2 rows in set (0.00 sec)
```

#### 4.3.3 条件演算子

より複雑な条件を指定するために、以下の条件演算子が使えます：

**BETWEEN演算子**

指定した範囲内の値を持つレコードを取得します：

```sql
-- 価格が5,000円から20,000円の商品
SELECT name, price
FROM products
WHERE price BETWEEN 5000 AND 20000;
```

実行結果:

```
+----------------------+----------+
| name                 | price    |
+----------------------+----------+
| コーヒーメーカー     | 15000.00 |
| キーボード           |  6000.00 |
+----------------------+----------+
2 rows in set (0.00 sec)
```

**IN演算子**

指定したリスト内の値を持つレコードを取得します：

```sql
-- カテゴリIDが1または3の商品
SELECT name, category_id
FROM products
WHERE category_id IN (1, 3);
```

実行結果:

```
+--------------------+-------------+
| name               | category_id |
+--------------------+-------------+
| スマートフォン     |           1 |
| ラップトップPC     |           1 |
| マウス             |           1 |
| キーボード         |           1 |
| プログラミング本   |           3 |
+--------------------+-------------+
5 rows in set (0.00 sec)
```

**LIKE演算子**

パターンマッチングを使用して文字列を検索します：

* `%` - 0文字以上の任意の文字列
* `_` - 任意の1文字

```sql
-- 名前に「フォン」を含む商品
SELECT name FROM products WHERE name LIKE '%フォン%';
```

実行結果:

```
+--------------------+
| name               |
+--------------------+
| スマートフォン     |
+--------------------+
1 row in set (0.00 sec)
```

```sql
-- 名前が「マ」で始まる商品
SELECT name FROM products WHERE name LIKE 'マ%';
```

実行結果:

```
+--------+
| name   |
+--------+
| マウス |
+--------+
1 row in set (0.00 sec)
```

**IS NULL / IS NOT NULL演算子**

NULL値（値が存在しない）を持つレコードを検索します：

```sql
-- 説明（description）がNULLの商品
SELECT name FROM products WHERE description IS NULL;
```

実行結果:

```
+--------------------+
| name               |
+--------------------+
| マウス             |
| キーボード         |
+--------------------+
2 rows in set (0.00 sec)
```

```sql
-- 説明（description）がNULLでない商品
SELECT name FROM products WHERE description IS NOT NULL;
```

実行結果:

```
+----------------------+
| name                 |
+----------------------+
| スマートフォン       |
| ラップトップPC       |
| コーヒーメーカー     |
| 木製テーブル         |
| プログラミング本     |
+----------------------+
5 rows in set (0.00 sec)
```

> ⚠️ **注意**: NULL値と比較する場合は、必ず`IS NULL`または`IS NOT NULL`を使用してください。`= NULL`や`!= NULL`では正しく動作しません。

#### 4.3.4 NULLとは

NULLは「値が存在しない」または「値が不明」であることを表します。これは「0」や「空文字」とは異なる特別な状態です。

例えば：

* 顧客の電話番号が登録されていない場合 → NULL
* 商品の説明文が書かれていない場合 → NULL
* まだ決定していない出荷日 → NULL

**NULLの重要な特性**:

* NULLは通常の比較演算子（=, <, >など）では比較できません
* NULLかどうかを確認するには、`IS NULL`または`IS NOT NULL`を使います
* NULL同士の比較（NULL = NULL）はfalseになります
* NULL値を含む計算結果は通常NULLになります

***

### 演習問題

#### 問題 4-1: 基本的なSELECT文

以下のクエリーを作成・実行してください：

1. 商品テーブルからすべてのデータを取得する
2. 商品の名前と価格だけを取得する
3. 在庫がある商品（stock > 0）だけを表示する

**ヒント:**

* すべての列を取得するには `SELECT *` を使います
* 特定の列だけを取得するには、列名をカンマ区切りで指定します
* 条件で絞り込むには `WHERE` 句を使います

\<details> \<summary>解答\</summary>

```sql
-- 1. 商品テーブルからすべてのデータを取得
SELECT * FROM products;

-- 2. 商品の名前と価格だけを取得
SELECT name, price FROM products;

-- 3. 在庫がある商品（stock > 0）だけを表示
SELECT name, price, stock FROM products WHERE stock > 0;
```

\</details>

#### 問題 4-2: 比較演算子の使用

以下の条件に一致する商品を取得するクエリーを作成してください：

1. 価格が30,000円以上の商品
2. 在庫数が5個以下の商品
3. カテゴリIDが1の商品

**ヒント:**

* 比較演算子 `>=`, `<=`, `=` などを使用します
* カンマで区切って複数のカラムを表示できます

\<details> \<summary>解答\</summary>

```sql
-- 1. 価格が30,000円以上の商品
SELECT name, price FROM products WHERE price >= 30000;

-- 2. 在庫数が5個以下の商品
SELECT name, stock FROM products WHERE stock <= 5;

-- 3. カテゴリIDが1の商品
SELECT name, category_id FROM products WHERE category_id = 1;
```

\</details>

#### 問題 4-3: 論理演算子の使用

以下のクエリーを作成・実行してください：

1. 価格が10,000円以上かつカテゴリIDが1の商品
2. 在庫が10個以下または価格が100,000円以上の商品
3. カテゴリIDが1ではない商品

**ヒント:**

* 複数の条件を組み合わせるには `AND`, `OR`, `NOT` を使います
* 「〜ではない」という条件は `NOT` または `<>` で表現します

\<details> \<summary>解答\</summary>

```sql
-- 1. 価格が10,000円以上かつカテゴリIDが1の商品
SELECT name, price, category_id
FROM products
WHERE price >= 10000 AND category_id = 1;

-- 2. 在庫が10個以下または価格が100,000円以上の商品
SELECT name, stock, price
FROM products
WHERE stock <= 10 OR price >= 100000;

-- 3. カテゴリIDが1ではない商品
SELECT name, category_id
FROM products
WHERE NOT category_id = 1;
-- または: WHERE category_id <> 1;
```

\</details>

#### 問題 4-4: 条件演算子の使用

以下のクエリーを作成・実行してください：

1. 価格が5,000円から50,000円の範囲にある商品
2. カテゴリIDが1, 3, 5のいずれかに該当する商品
3. 商品名に「PC」または「フォン」を含む商品

**ヒント:**

* 範囲を指定するには `BETWEEN` 演算子を使います
* 複数の値のいずれかに一致するかを調べるには `IN` 演算子を使います
* 文字列のパターンマッチングには `LIKE` 演算子と `%`（ワイルドカード）を使います

\<details> \<summary>解答\</summary>

```sql
-- 1. 価格が5,000円から50,000円の範囲にある商品
SELECT name, price
FROM products
WHERE price BETWEEN 5000 AND 50000;

-- 2. カテゴリIDが1, 3, 5のいずれかに該当する商品
SELECT name, category_id
FROM products
WHERE category_id IN (1, 3, 5);

-- 3. 商品名に「PC」または「フォン」を含む商品
SELECT name
FROM products
WHERE name LIKE '%PC%' OR name LIKE '%フォン%';
```

\</details>

#### 問題 4-5: 複合条件の使用

以下の条件に一致する商品を検索するクエリーを作成してください：

1. カテゴリIDが1または2、かつ価格が30,000円以上の商品
2. 商品名に「ス」で始まる、または「ル」で終わる商品
3. 説明（description）がNULLでない、かつ在庫が10個以上ある商品

**ヒント:**

* 複合条件では、カッコを使うと条件の優先順位を明確にできます
* 文字列の前方一致は `LIKE 'パターン%'`、後方一致は `LIKE '%パターン'` で表現します
* NULL値の検索には `IS NULL` または `IS NOT NULL` を使います

\<details> \<summary>解答\</summary>

```sql
-- 1. カテゴリIDが1または2、かつ価格が30,000円以上の商品
SELECT name, category_id, price
FROM products
WHERE (category_id = 1 OR category_id = 2) AND price >= 30000;

-- 2. 商品名に「ス」で始まる、または「ル」で終わる商品
SELECT name
FROM products
WHERE name LIKE 'ス%' OR name LIKE '%ル';

-- 3. 説明（description）がNULLでない、かつ在庫が10個以上ある商品
SELECT name, description, stock
FROM products
WHERE description IS NOT NULL AND stock >= 10;
```

\</details>
